is_deleted,sample_value,line_no,scenario_id,priority,sample_name,id
N,"home-login >> Clerical Support (General Privileges) 1,val001,test",1,5,2,"home-login >> Clerical Support (General Privileges) 1",328
N,"home-login >> Clerical Support (General Privileges) 2,val002,test",2,5,5,"home-login >> Clerical Support (General Privileges) 2",329
N,"home-login >> Clerical Support (General Privileges) 3,val003,test",3,5,5,"home-login >> Clerical Support (General Privileges) 3",330
N,"home-login >> Clerical Support (General Privileges) 4,val004,test",4,5,5,"home-login >> Clerical Support (General Privileges) 4",331
N,"home-login >> Clerical Support (General Privileges) 5,val005,test",5,5,5,"home-login >> Clerical Support (General Privileges) 5",332
N,"home-login >> Clerical Support (General Privileges) 6,val006,test",6,5,5,"home-login >> Clerical Support (General Privileges) 6",333
N,"home-login >> Valuer-Assistant (General Privileges) 1,val007,test",7,5,5,"home-login >> Valuer-Assistant (General Privileges) 1",334
N,"home-login >> Valuer-Assistant (General Privileges) 2,val008,test",8,5,5,"home-login >> Valuer-Assistant (General Privileges) 2",335
N,"home-login >> Valuer-Assistant (General Privileges) 3,val009,test",9,5,5,"home-login >> Valuer-Assistant (General Privileges) 3",336
N,"home-login >> Valuer-Assistant (General Privileges) 4,val010,test",10,5,5,"home-login >> Valuer-Assistant (General Privileges) 4",337
N,"home-login >> Valuer-Assistant (General Privileges) 5,val011,test",11,5,5,"home-login >> Valuer-Assistant (General Privileges) 5",338
N,"home-login >> Valuer-Assistant (General Privileges) 6,val012,test",12,5,5,"home-login >> Valuer-Assistant (General Privileges) 6",339
N,"home-login >> Valuer-Assistant (General Privileges) 7,val013,test",13,5,5,"home-login >> Valuer-Assistant (General Privileges) 7",340
N,"home-login >> Valuer-Assistant (General Privileges) 8,val014,test",14,5,5,"home-login >> Valuer-Assistant (General Privileges) 8",341
N,"home-login >> Valuer-Assistant (General Privileges) 9,val015,test",15,5,5,"home-login >> Valuer-Assistant (General Privileges) 9",342
N,"home-login >> Valuer-Assistant (General Privileges) 10,val016,test",16,5,5,"home-login >> Valuer-Assistant (General Privileges) 10",343
N,"home-login >> Valuer-Assistant (General Privileges) 11,val017,test",17,5,5,"home-login >> Valuer-Assistant (General Privileges) 11",344
N,"home-login >> Valuer-Assistant (General Privileges) 12,val018,test",18,5,5,"home-login >> Valuer-Assistant (General Privileges) 12",345
N,"home-login >> Valuer-Assistant (General Privileges) 13,val019,test",19,5,5,"home-login >> Valuer-Assistant (General Privileges) 13",346
N,"home-login >> Valuer-Assistant (General Privileges) 14,val020,test",20,5,5,"home-login >> Valuer-Assistant (General Privileges) 14",347
N,"home-login >> Valuer-Assistant (General Privileges) 15,val021,test",21,5,5,"home-login >> Valuer-Assistant (General Privileges) 15",348
N,"home-login >> Valuer-Assistant (General Privileges) 16,val022,test",22,5,5,"home-login >> Valuer-Assistant (General Privileges) 16",349
N,"home-login >> Valuation Operations (General Privileges) 1,val023,test",23,5,5,"home-login >> Valuation Operations (General Privileges) 1",350
N,"home-login >> Valuation Operations (General Privileges) 2,val024,test",24,5,5,"home-login >> Valuation Operations (General Privileges) 2",351
N,"home-login >> Valuation Operations (General Privileges) 3,val025,test",25,5,5,"home-login >> Valuation Operations (General Privileges) 3",352
N,"home-login >> Valuation Operations (General Privileges) 4,val026,test",26,5,5,"home-login >> Valuation Operations (General Privileges) 4",353
N,"home-login >> Valuation Operations (General Privileges) 5,val027,test",27,5,5,"home-login >> Valuation Operations (General Privileges) 5",354
N,"home-login >> Valuation Operations (General Privileges) 6,val028,test",28,5,5,"home-login >> Valuation Operations (General Privileges) 6",355
N,"home-login >> Valuation Operations (General Privileges) 7,val029,test",29,5,5,"home-login >> Valuation Operations (General Privileges) 7",356
N,"home-login >> Valuation Operations (General Privileges) 8,val030,test",30,5,5,"home-login >> Valuation Operations (General Privileges) 8",357
N,"home-login >> Valuation Operations (General Privileges) 9,val031,test",31,5,5,"home-login >> Valuation Operations (General Privileges) 9",358
N,"home-login >> Valuation Operations (General Privileges) 10,val032,test",32,5,5,"home-login >> Valuation Operations (General Privileges) 10",359
N,"home-login >> Valuation Operations (General Privileges) 11,val033,test",33,5,5,"home-login >> Valuation Operations (General Privileges) 11",360
N,"home-login >> Valuation Operations (General Privileges) 12,val034,test",34,5,5,"home-login >> Valuation Operations (General Privileges) 12",361
N,"home-login >> Valuation Operations (General Privileges) 13,val035,test",35,5,5,"home-login >> Valuation Operations (General Privileges) 13",362
N,"home-login >> Valuation Operations (General Privileges) 14,val036,test",36,5,5,"home-login >> Valuation Operations (General Privileges) 14",363
N,"home-login >> Valuation Operations (General Privileges) 15,val037,test",37,5,5,"home-login >> Valuation Operations (General Privileges) 15",364
N,"home-login >> Valuation Operations (General Privileges) 16,val038,test",38,5,5,"home-login >> Valuation Operations (General Privileges) 16",365
N,"home-login >> Valuation Operations (General Privileges) 17,val039,test",39,5,5,"home-login >> Valuation Operations (General Privileges) 17",366
N,"home-login >> Valuation Operations (General Privileges) 18,val040,test",40,5,5,"home-login >> Valuation Operations (General Privileges) 18",367
N,"home-login >> Valuation Operations (General Privileges) 19,val041,test",41,5,5,"home-login >> Valuation Operations (General Privileges) 19",368
N,"home-login >> Valuation Operations (General Privileges) 20,val042,test",42,5,5,"home-login >> Valuation Operations (General Privileges) 20",369
N,"home-login >> Valuation Operations (General Privileges) 21,val043,test",43,5,5,"home-login >> Valuation Operations (General Privileges) 21",370
N,"home-login >> Valuation Operations (General Privileges) 22,val044,test",44,5,5,"home-login >> Valuation Operations (General Privileges) 22",371
N,"home-login >> Valuation Operations (General Privileges) 23,val045,test",45,5,5,"home-login >> Valuation Operations (General Privileges) 23",372
N,"home-login >> Valuation Operations (General Privileges) 24,val046,test",46,5,5,"home-login >> Valuation Operations (General Privileges) 24",373
N,"home-login >> Valuation Operations (General Privileges) 25,val047,test",47,5,5,"home-login >> Valuation Operations (General Privileges) 25",374
N,"home-login >> Valuation Operations (General Privileges) 26,val048,test",48,5,5,"home-login >> Valuation Operations (General Privileges) 26",375
N,"home-login >> Valuation Operations (General Privileges) 27,val049,test",49,5,5,"home-login >> Valuation Operations (General Privileges) 27",376
N,"home-login >> Valuation Operations (General Privileges) 28,val050,test",50,5,5,"home-login >> Valuation Operations (General Privileges) 28",377
N,"home-login >> Valuation Operations (General Privileges) 29,val051,test",51,5,5,"home-login >> Valuation Operations (General Privileges) 29",378
N,"home-login >> Valuation Operations (General Privileges) 30,val052,test",52,5,5,"home-login >> Valuation Operations (General Privileges) 30",379
N,"home-login >> Valuation Operations (General Privileges) 31,val053,test",53,5,5,"home-login >> Valuation Operations (General Privileges) 31",380
N,"home-login >> Valuation Operations (General Privileges) 32,val054,test",54,5,5,"home-login >> Valuation Operations (General Privileges) 32",381
N,"home-login >> Valuation Operations (General Privileges) 33,val055,test",55,5,5,"home-login >> Valuation Operations (General Privileges) 33",382
N,"home-login >> Valuation Operations (General Privileges) 34,val056,test",56,5,5,"home-login >> Valuation Operations (General Privileges) 34",383
N,"home-login >> Valuation Operations (General Privileges) 35,val057,test",57,5,5,"home-login >> Valuation Operations (General Privileges) 35",384
N,"home-login >> Valuation Operations (General Privileges) 36,val058,test",58,5,5,"home-login >> Valuation Operations (General Privileges) 36",385
N,"home-login >> Valuation Operations (General Privileges) 37,val059,test",59,5,5,"home-login >> Valuation Operations (General Privileges) 37",386
N,"home-login >> Valuation Operations (General Privileges) 38,val060,test",60,5,5,"home-login >> Valuation Operations (General Privileges) 38",387
N,"home-login >> Valuation Operations (General Privileges) 39,val061,test",61,5,5,"home-login >> Valuation Operations (General Privileges) 39",388
N,"home-login >> Valuation Operations (General Privileges) 40,val062,test",62,5,5,"home-login >> Valuation Operations (General Privileges) 40",389
N,"home-login >> Valuation Operations (General Privileges) 41,val063,test",63,5,5,"home-login >> Valuation Operations (General Privileges) 41",390
N,"home-login >> Valuation Operations (General Privileges) 42,val064,test",64,5,5,"home-login >> Valuation Operations (General Privileges) 42",391
N,"home-login >> Valuation Operations (General Privileges) 43,val065,test",65,5,5,"home-login >> Valuation Operations (General Privileges) 43",392
N,"home-login >> Valuation Operations (General Privileges) 44,val066,test",66,5,5,"home-login >> Valuation Operations (General Privileges) 44",393
N,"home-login >> Valuation Operations (General Privileges) 45,val067,test",67,5,5,"home-login >> Valuation Operations (General Privileges) 45",394
N,"home-login >> Valuation Operations (General Privileges) 46,val068,test",68,5,5,"home-login >> Valuation Operations (General Privileges) 46",395
N,"home-login >> Valuation Operations (General Privileges) 47,val069,test",69,5,5,"home-login >> Valuation Operations (General Privileges) 47",396
N,"home-login >> Valuation Operations (General Privileges) 48,val070,test",70,5,5,"home-login >> Valuation Operations (General Privileges) 48",397
N,"home-login >> Valuation Operations (General Privileges) 49,val071,test",71,5,5,"home-login >> Valuation Operations (General Privileges) 49",398
N,"home-login >> Valuation Operations (General Privileges) 50,val072,test",72,5,5,"home-login >> Valuation Operations (General Privileges) 50",399
N,"home-login >> Valuation Operations (General Privileges) 51,val073,test",73,5,5,"home-login >> Valuation Operations (General Privileges) 51",400
N,"home-login >> Account Compliance 1,test001,test",74,5,5,"home-login >> Account Compliance 1",401
N,"home-login >> Account Compliance 2,test002,test",75,5,5,"home-login >> Account Compliance 2",402
N,"home-login >> Account Compliance 3,test003,test",76,5,5,"home-login >> Account Compliance 3",403
N,"home-login >> Control Compliance 1,test004,test",77,5,5,"home-login >> Control Compliance 1",404
N,"home-login >> Control Compliance 2,test005,test",78,5,5,"home-login >> Control Compliance 2",405
N,"home-login >> Control Compliance 3,test006,test",79,5,5,"home-login >> Control Compliance 3",406
N,"home-login >> Customer Compliance 1,test007,test",80,5,5,"home-login >> Customer Compliance 1",407
N,"home-login >> Customer Compliance 2,test008,test",81,5,5,"home-login >> Customer Compliance 2",408
N,"home-login >> Customer Compliance 3,test009,test",82,5,5,"home-login >> Customer Compliance 3",409
N,"home-login >> Customer Services 1,test010,test",83,5,5,"home-login >> Customer Services 1",410
N,"home-login >> Customer Services 2,test011,test",84,5,5,"home-login >> Customer Services 2",411
N,"home-login >> Customer Services 3,test012,test",85,5,5,"home-login >> Customer Services 3",412
N,"home-login >> Customer Services Team Leader 1,test013,test",86,5,5,"home-login >> Customer Services Team Leader 1",413
N,"home-login >> Customer Services Team Leader 2,test014,test",87,5,5,"home-login >> Customer Services Team Leader 2",414
N,"home-login >> Customer Services Team Leader 3,test015,test",88,5,5,"home-login >> Customer Services Team Leader 3",415
N,"home-login >> Customer Support 1,test016,test",89,5,5,"home-login >> Customer Support 1",416
N,"home-login >> Customer Support 2,test017,test",90,5,5,"home-login >> Customer Support 2",417
N,"home-login >> Customer Support 3,test018,test",91,5,5,"home-login >> Customer Support 3",418
N,"home-login >> Data Integrity 1,test019,test",92,5,5,"home-login >> Data Integrity 1",419
N,"home-login >> Data Integrity 2,test020,test",93,5,5,"home-login >> Data Integrity 2",420
N,"home-login >> Data Integrity 3,test021,test",94,5,5,"home-login >> Data Integrity 3",421
N,"home-login >> Data Management - Division 1,test022,test",95,5,5,"home-login >> Data Management - Division 1",422
N,"home-login >> Data Management - Division 2,test023,test",96,5,5,"home-login >> Data Management - Division 2",423
N,"home-login >> Data Management - Division 3,test024,test",97,5,5,"home-login >> Data Management - Division 3",424
N,"home-login >> Data Management - Registration 1,test025,test",98,5,5,"home-login >> Data Management - Registration 1",425
N,"home-login >> Data Management - Registration 2,test026,test",99,5,5,"home-login >> Data Management - Registration 2",426
N,"home-login >> Data Management - Registration 3,test027,test",100,5,5,"home-login >> Data Management - Registration 3",427
N,"home-login >> Division 1,test028,test",101,5,5,"home-login >> Division 1",428
N,"home-login >> Division 2,test029,test",102,5,5,"home-login >> Division 2",429
N,"home-login >> Division 3,test030,test",103,5,5,"home-login >> Division 3",430
N,"home-login >> Executive Services 1,test031,test",104,5,5,"home-login >> Executive Services 1",431
N,"home-login >> Executive Services 2,test032,test",105,5,5,"home-login >> Executive Services 2",432
N,"home-login >> Executive Services 3,test033,test",106,5,5,"home-login >> Executive Services 3",433
N,"home-login >> Information & Stakeholder Management 1,test034,test",107,5,5,"home-login >> Information & Stakeholder Management 1",434
N,"home-login >> Information & Stakeholder Management 2,test035,test",108,5,5,"home-login >> Information & Stakeholder Management 2",435
N,"home-login >> Information & Stakeholder Management 3,test036,test",109,5,5,"home-login >> Information & Stakeholder Management 3",436
N,"home-login >> Land Boundaries 1,test037,test",110,5,5,"home-login >> Land Boundaries 1",437
N,"home-login >> Land Boundaries 2,test038,test",111,5,5,"home-login >> Land Boundaries 2",438
N,"home-login >> Land Boundaries 3,test039,test",112,5,5,"home-login >> Land Boundaries 3",439
N,"home-login >> Manager 1,test040,test",113,5,5,"home-login >> Manager 1",440
N,"home-login >> Manager 2,test041,test",114,5,5,"home-login >> Manager 2",441
N,"home-login >> Manager 3,test042,test",115,5,5,"home-login >> Manager 3",442
N,"home-login >> Manager Business Services 1,test043,test",116,5,5,"home-login >> Manager Business Services 1",443
N,"home-login >> Manager Business Services 2,test044,test",117,5,5,"home-login >> Manager Business Services 2",444
N,"home-login >> Manager Business Services 3,test045,test",118,5,5,"home-login >> Manager Business Services 3",445
N,"home-login >> Manager Land Boundaries 1,test046,test",119,5,5,"home-login >> Manager Land Boundaries 1",446
N,"home-login >> Manager Land Boundaries 2,test047,test",120,5,5,"home-login >> Manager Land Boundaries 2",447
N,"home-login >> Manager Land Boundaries 3,test048,test",121,5,5,"home-login >> Manager Land Boundaries 3",448
N,"home-login >> Manager Survey Operations 1,test049,test",122,5,5,"home-login >> Manager Survey Operations 1",449
N,"home-login >> Manager Survey Operations 2,test050,test",123,5,5,"home-login >> Manager Survey Operations 2",450
N,"home-login >> Manager Survey Operations 3,test051,test",124,5,5,"home-login >> Manager Survey Operations 3",451
N,"home-login >> Office of the Registrar-General 1,test052,test",125,5,5,"home-login >> Office of the Registrar-General 1",452
N,"home-login >> Office of the Registrar-General 2,test053,test",126,5,5,"home-login >> Office of the Registrar-General 2",453
N,"home-login >> Office of the Registrar-General 3,test054,test",127,5,5,"home-login >> Office of the Registrar-General 3",454
N,"home-login >> Old Systems 1,test055,test",128,5,5,"home-login >> Old Systems 1",455
N,"home-login >> Old Systems 2,test056,test",129,5,5,"home-login >> Old Systems 2",456
N,"home-login >> Old Systems 3,test057,test",130,5,5,"home-login >> Old Systems 3",457
N,"home-login >> ORG Project Officer 1,test058,test",131,5,5,"home-login >> ORG Project Officer 1",458
N,"home-login >> ORG Project Officer 2,test059,test",132,5,5,"home-login >> ORG Project Officer 2",459
N,"home-login >> ORG Project Officer 3,test060,test",133,5,5,"home-login >> ORG Project Officer 3",460
N,"home-login >> Plan Examination Level 1 1,test061,test",134,5,5,"home-login >> Plan Examination Level 1 1",461
N,"home-login >> Plan Examination Level 1 2,test062,test",135,5,5,"home-login >> Plan Examination Level 1 2",462
N,"home-login >> Plan Examination Level 1 3,test063,test",136,5,5,"home-login >> Plan Examination Level 1 3",463
N,"home-login >> Plan Support 1,test064,test",137,5,5,"home-login >> Plan Support 1",464
N,"home-login >> Plan Support 2,test065,test",138,5,5,"home-login >> Plan Support 2",465
N,"home-login >> Plan Support 3,test066,test",139,5,5,"home-login >> Plan Support 3",466
N,"home-login >> Registrar-General 1,test067,test",140,5,5,"home-login >> Registrar-General 1",467
N,"home-login >> Registrar-General 2,test068,test",141,5,5,"home-login >> Registrar-General 2",468
N,"home-login >> Registrar-General 3,test069,test",142,5,5,"home-login >> Registrar-General 3",469
N,"home-login >> Registration 1,test070,test",143,5,5,"home-login >> Registration 1",470
N,"home-login >> Registration 2,test071,test",144,5,5,"home-login >> Registration 2",471
N,"home-login >> Registration 3,test072,test",145,5,5,"home-login >> Registration 3",472
N,"home-login >> Senior Data Management 1,test073,test",146,5,5,"home-login >> Senior Data Management 1",473
N,"home-login >> Senior Data Management 2,test074,test",147,5,5,"home-login >> Senior Data Management 2",474
N,"home-login >> Senior Data Management 3,test075,test",148,5,5,"home-login >> Senior Data Management 3",475
N,"home-login >> Senior ORG Project Officer 1,test076,test",149,5,5,"home-login >> Senior ORG Project Officer 1",476
N,"home-login >> Senior ORG Project Officer 2,test077,test",150,5,5,"home-login >> Senior ORG Project Officer 2",477
N,"home-login >> Senior ORG Project Officer 3,test078,test",151,5,5,"home-login >> Senior ORG Project Officer 3",478
N,"home-login >> Senior Survey Operations 1,test079,test",152,5,5,"home-login >> Senior Survey Operations 1",479
N,"home-login >> Senior Survey Operations 2,test080,test",153,5,5,"home-login >> Senior Survey Operations 2",480
N,"home-login >> Senior Survey Operations 3,test081,test",154,5,5,"home-login >> Senior Survey Operations 3",481
N,"home-login >> Team Leader 1,test082,test",155,5,5,"home-login >> Team Leader 1",482
N,"home-login >> Team Leader 2,test083,test",156,5,5,"home-login >> Team Leader 2",483
N,"home-login >> Team Leader 3,test084,test",157,5,5,"home-login >> Team Leader 3",484
N,"home-login >> Title/Dealing Examination 1,test085,test",158,5,5,"home-login >> Title/Dealing Examination 1",485
N,"home-login >> Title/Dealing Examination 2,test086,test",159,5,5,"home-login >> Title/Dealing Examination 2",486
N,"home-login >> Title/Dealing Examination 3,test087,test",160,5,5,"home-login >> Title/Dealing Examination 3",487
N,"home-login >> Titling Support 1,test088,test",161,5,5,"home-login >> Titling Support 1",488
N,"home-login >> Titling Support 2,test089,test",162,5,5,"home-login >> Titling Support 2",489
N,"home-login >> Titling Support 3,test090,test",163,5,5,"home-login >> Titling Support 3",490
N,"home-login >> Plan Examination Level 1 4,test091,test",164,5,5,"home-login >> Plan Examination Level 1 4",491
N,"home-login >> Plan Examination Level 1 5,test092,test",165,5,5,"home-login >> Plan Examination Level 1 5",492
N,"home-login >> Plan Examination Level 1 6,test093,test",166,5,5,"home-login >> Plan Examination Level 1 6",493
N,"home-login >> Plan Examination Level 1 7,test094,test",167,5,5,"home-login >> Plan Examination Level 1 7",494
N,"home-login >> Plan Examination Level 1 8,test095,test",168,5,5,"home-login >> Plan Examination Level 1 8",495
N,"home-login >> Plan Examination Level 1 9,test096,test",169,5,5,"home-login >> Plan Examination Level 1 9",496
N,"home-login >> Team Leader 4,test097,test",170,5,5,"home-login >> Team Leader 4",497
N,"home-login >> Team Leader 5,test098,test",171,5,5,"home-login >> Team Leader 5",498
N,"home-login >> Division 4,test099,test",172,5,5,"home-login >> Division 4",499
N,"home-login >> Division 5,test100,test",173,5,5,"home-login >> Division 5",500
N,"home-login >> Division 6,test101,test",174,5,5,"home-login >> Division 6",501
N,"home-login >> Division 7,test102,test",175,5,5,"home-login >> Division 7",502
N,"home-login >> Division 8,test103,test",176,5,5,"home-login >> Division 8",503
N,"home-login >> LSG Batch Execution,lsgbatch001,test",177,5,5,"home-login >> LSG Batch Execution",504
N,"home-login >> Outstanding Corrections Reports 1,extest001,test",178,5,5,"home-login >> Outstanding Corrections Reports 1",505
N,"home-login >> External Organisation Administrator 1,extest002,test",179,5,5,"home-login >> External Organisation Administrator 1",506
N,"home-login >> External Organisation Administrator 2,extest005,test",180,5,5,"home-login >> External Organisation Administrator 2",507
N,"home-login >> External Organisation Administrator 3,extest009,test",181,5,5,"home-login >> External Organisation Administrator 3",508
N,"home-login >> External Organisation Administrator 4,extest012,test",182,5,5,"home-login >> External Organisation Administrator 4",509
N,"home-login >> Outstanding Corrections Reports 2,extest017,test",183,5,5,"home-login >> Outstanding Corrections Reports 2",510
N,"home-login >> External Organisation Administrator 5,extest019,test",184,5,5,"home-login >> External Organisation Administrator 5",511
N,"home-login >> Property Interest  Administrator 1,extest020,test",185,5,5,"home-login >> Property Interest  Administrator 1",512
N,"home-login >> Property Interest  Administrator 2,extest021,test",186,5,5,"home-login >> Property Interest  Administrator 2",513
N,"home-login >> Property Interest  Administrator 3,extest022,test",187,5,5,"home-login >> Property Interest  Administrator 3",514
N,"home-login >> Council /LGA Reports,extest026,test",188,5,5,"home-login >> Council /LGA Reports",515
N,"home-login >> External Organisation Administrator 6,extest029,test",189,5,5,"home-login >> External Organisation Administrator 6",516
N,"home-login >> Ownership Search,extest033,test",190,5,5,"home-login >> Ownership Search",517
N,"home-login >> External Organisation Administrator 7,extest037,test",191,5,5,"home-login >> External Organisation Administrator 7",518
N,"home-login >> External Organisation Administrator 8,extest040,test",192,5,5,"home-login >> External Organisation Administrator 8",519
N,"home-login >> External Organisation Administrator 9,extest046,test",193,5,5,"home-login >> External Organisation Administrator 9",520
N,"home-login >> External Organisation Administrator 10,extest051,test",194,5,5,"home-login >> External Organisation Administrator 10",521
N,"home-login >> External Organisation Administrator 11,extest052,test",195,5,5,"home-login >> External Organisation Administrator 11",522
N,"home-login >> External Organisation Administrator 12,extest053,test",196,5,5,"home-login >> External Organisation Administrator 12",523
N,"home-login >> External Organisation Administrator 13,extest054,test",197,5,5,"home-login >> External Organisation Administrator 13",524
N,"home-login >> External Organisation Administrator 14,extest055,test",198,5,5,"home-login >> External Organisation Administrator 14",525
N,"home-login >> Property Interest  Administrator 4,extest056,test",199,5,5,"home-login >> Property Interest  Administrator 4",526
N,"home-login >> Property Interest  Administrator 5,extest057,test",200,5,5,"home-login >> Property Interest  Administrator 5",527
N,"home-login >> Property Interest  Administrator 6,extest058,test",201,5,5,"home-login >> Property Interest  Administrator 6",528
N,"home-login >> Property Interest  Administrator 7,extest059,test",202,5,5,"home-login >> Property Interest  Administrator 7",529
N,"home-login >> Property Interest  Administrator 8,extest060,test",203,5,5,"home-login >> Property Interest  Administrator 8",530
N,"home-login >> Property Interest  Administrator 9,extest061,test",204,5,5,"home-login >> Property Interest  Administrator 9",531
N,"home-login >> Property Interest  Administrator 10,extest062,test",205,5,5,"home-login >> Property Interest  Administrator 10",532
N,"home-login >> Property Interest  Administrator 11,extest063,test",206,5,5,"home-login >> Property Interest  Administrator 11",533
N,"home-login >> Australian Valuation Office Reports,extest065,test",207,5,5,"home-login >> Australian Valuation Office Reports",534
N,"home-login >> DPTI Building Management  Reports,extest066,test",208,5,5,"home-login >> DPTI Building Management  Reports",535
N,"home-login >> Property Interest Reports 1,extest070,test",209,5,5,"home-login >> Property Interest Reports 1",536
N,"home-login >> Homestart Reports 1,extest072,test",210,5,5,"home-login >> Homestart Reports 1",537
N,"home-login >> Homestart Reports 2,extest073,test",211,5,5,"home-login >> Homestart Reports 2",538
N,"home-login >> Homestart Reports 3,extest074,test",212,5,5,"home-login >> Homestart Reports 3",539
N,"home-login >> SA Water Name Suppression Reports,extest075,test",213,5,5,"home-login >> SA Water Name Suppression Reports",540
N,"home-login >> Value-Added Reseller Reports,extest076,test",214,5,5,"home-login >> Value-Added Reseller Reports",541
N,"home-login >> External Organisation Administrator 15,extest079,test",215,5,5,"home-login >> External Organisation Administrator 15",542
N,"home-login >> Planning SA Reports 1,extest080,test",216,5,5,"home-login >> Planning SA Reports 1",543
N,"home-login >> Planning SA Reports 2,extest081,test",217,5,5,"home-login >> Planning SA Reports 2",544
N,"home-login >> Planning SA Reports 3,extest082,test",218,5,5,"home-login >> Planning SA Reports 3",545
N,"home-login >> Planning SA Reports 4,extest083,test",219,5,5,"home-login >> Planning SA Reports 4",546
N,"home-login >> Planning SA Reports 5,extest084,test",220,5,5,"home-login >> Planning SA Reports 5",547
N,"home-login >> Australian Bureau of Statistics Reports,extest085,test",221,5,5,"home-login >> Australian Bureau of Statistics Reports",548
N,"home-login >> SA Water Reports,extest086,test",222,5,5,"home-login >> SA Water Reports",549
N,"home-login >> Property Interest  Administrator 12,extest087,test",223,5,5,"home-login >> Property Interest  Administrator 12",550
N,"home-login >> Property Interest Reports 2,extest090,test",224,5,5,"home-login >> Property Interest Reports 2",551
N,"home-login >> RevSA Name Suppression Reports,extest091,test",225,5,5,"home-login >> RevSA Name Suppression Reports",552
N,"home-login >> Scan Coversheet Kiosk 1,extest092,test",226,5,5,"home-login >> Scan Coversheet Kiosk 1",553
N,"home-login >> Scan Coversheet Kiosk 2,extest093,test",227,5,5,"home-login >> Scan Coversheet Kiosk 2",554
N,"home-login >> Scan Coversheet Kiosk 3,extest094,test",228,5,5,"home-login >> Scan Coversheet Kiosk 3",555
N,"home-login >> Return Correction Kiosk,extest095,test",229,5,5,"home-login >> Return Correction Kiosk",556
N,"Valuation Record Search >> no input,,,,5",1,39,5,"Valuation Record Search >> no input",557
N,"Valuation Record Search >> Specific one(1506002913),1506002913,,,5",2,39,5,"Valuation Record Search >> Specific one(1506002913)",558
N,"Valuation Record Search >> Record Type(SCV),,SCV,,5",3,39,5,"Valuation Record Search >> Record Type(SCV)",559
N,"Valuation Record Search >> Record Type(SCV)   CURRENT Status,,SCV,CANCELLED%2CCURRENT%2CPROPOSED_CANCELLED%2CPROPOSED_CURRENT,5",4,39,5,"Valuation Record Search >> Record Type(SCV)   CURRENT Status",560
N,"Home-BatchAdmin >> Batch Admin",1,6,1,"Home-BatchAdmin >> Batch Admin",561
N,"land_search_plan >> plan no,,12345,,",1,2,1,"land_search_plan >> plan no",562
N,"land_search_plan >> community plan,C,20563,,",2,2,1,"land_search_plan >> community plan",563
N,"land_search_title >> volume less than 5000,CL,103,33",1,3,1,"land_search_title >> volume less than 5000",564
N,"land_search_title >> volume greater than 5000,CT,5788,500",2,3,1,"land_search_title >> volume greater than 5000",565
N,"Dealing_Detail_Search >> Specific Dealing NO,12131434",1,8,5,"Dealing_Detail_Search >> Specific Dealing NO",566
N,"Series-Details-Search >> Specific Dealing NO,12131434",1,9,5,"Series-Details-Search >> Specific Dealing NO",567
N,"Cross Reference Search >> Application,DOCA,27470",1,16,5,"Cross Reference Search >> Application",568
N,"Survey Marks Search >> 100 results,662850930",1,18,5,"Survey Marks Search >> 100 results",569
N,"Dealing Image Search >> General Query,7430266,false",1,19,5,"Dealing Image Search >> General Query",570
N,"Dealing Image Search >> General Query   showHistory,7430266,true",2,19,5,"Dealing Image Search >> General Query   showHistory",571
N,"Historical Valuation Listing Search >> General One(1976-77|9803001008),1976%2F77,9803001008",1,23,5,"Historical Valuation Listing Search >> General One(1976-77|9803001008)",572
N,"Title Diagram Search >> F162440,F162440,false",1,24,5,"Title Diagram Search >> F162440",573
N,"Title Diagram Search >> F162440   show history,F162440,true",2,24,5,"Title Diagram Search >> F162440   show history",574
N,"Home Workbox >> 0%_WB_USER,0",1,7,5,"Home Workbox >> 0%_WB_USER",575
N,"Home Workbox >> 50%_WB_USER,50",2,7,1,"Home Workbox >> 50%_WB_USER",576
N,"Home Workbox >> 100%_WB_USER,100",3,7,5,"Home Workbox >> 100%_WB_USER",577
N,"land_search_address >> no-input,,,,,,",1,1,5,"land_search_address >> no-input",578
N,"land_search_address >> street-no,,,,53,,",2,1,5,"land_search_address >> street-no",579
N,"land_search_address >> level-no,,,1,,,",3,1,5,"land_search_address >> level-no",580
N,"land_search_address >> unit-no,3,,,,,",4,1,5,"land_search_address >> unit-no",581
N,"land_search_address >> lot-no,,102,,,,",5,1,5,"land_search_address >> lot-no",582
N,"land_search_address >> street-wildcard,,,,,HAR%2A,",6,1,3,"land_search_address >> street-wildcard",583
N,"land_search_address >> suburb-wildcard,,,,,,AD%2A",7,1,3,"land_search_address >> suburb-wildcard",584
N,"land_search_address >> specific,3,,,113,REID,HECTORVILLE",8,1,1,"land_search_address >> specific",585
N,"land_search_valuation >>   no input,,,FALSE,FALSE,FALSE",1,4,5,"land_search_valuation >> no input",586
N,"land_search_valuation >> record type,,SCV,FALSE,FALSE,FALSE",2,4,1,"land_search_valuation >> record type",587
N,"Benefiting-Name-Search >>  Family Name,John%2A,,,",1,10,5,"Benefiting-Name-Search >>  Family Name",588
N,"Benefiting-Name-Search >>  Family Name   Dealing type,John%2A,,,A",2,10,5,"Benefiting-Name-Search >>  Family Name   Dealing type",589
N,"Benefiting-Name-Search >>  Org Name   Year,WATER%2A,,1987,",3,10,5,"Benefiting-Name-Search >>  Org Name   Year",590
N,"Benefiting-Name-Search >>  Specific Org,WATER+%26+ENERGY+SYSTEMS+PTY.+LTD.,,1987,",4,10,5,"Benefiting-Name-Search >>  Specific Org",591
N,"Benefiting-Name-Search >>  Specific Person,JOHNSTON,AARON+PHILIP,1986,",5,10,5,"Benefiting-Name-Search >>  Specific Person",592
N,"Plan Order Search >>  Rack Plan,J,1019,false,false",1,11,5,"Plan Order Search >>  Rack Plan",593
N,"Plan Order Search >>  Rack Plan with Tiff,J,1019,false,true",2,11,5,"Plan Order Search >>  Rack Plan with Tiff",594
N,"Plan Order Search >>  Deposited Plan,D,12345,true,true",3,11,5,"Plan Order Search >>  Deposited Plan",595
N,"Diagram Order Search >>  Addison,Addison,1",1,12,5,"Diagram Order Search >>  Addison",596
N,"Hundred Parcel Search >>  one plan,Addison,23",1,13,5,"Hundred Parcel Search >>  one plan",597
N,"Govt Town Search >>  TownName,Adelaide,",1,14,5,"Govt Town Search >>  TownName",598
N,"City of Adelaide >>  Town Acre Number,23",1,15,5,"City of Adelaide >>  Town Acre Number",599
N,"Council Plan Number >>  Adelaide Corp,Adelaide+Corp,1",1,17,5,"Council Plan Number >>  Adelaide Corp",600
N,"Title Image Search >>  General,CT,5788,500,false,false",1,20,5,"Title Image Search >>  General",601
N,"Title Image Search >>  General   showTiff,CT,5788,500,false,true",2,20,5,"Title Image Search >>  General   showTiff",602
N,"Title Image Search >>  General   showHistorical,CT,5788,500,true,false",3,20,5,"Title Image Search >>  General   showHistorical",603
N,"Property Book Search >>  Hundred (A-B),A-B,Hundred,3",1,21,5,"Property Book Search >>  Hundred (A-B)",604
N,"Property Book Search >>  Township (A-B),A-B,Township,1",2,21,5,"Property Book Search >>  Township (A-B)",605
N,"Property Book Search >>  Subdivision (A-Z),A-Z,Subdivision,5",3,21,5,"Property Book Search >>  Subdivision (A-Z)",606
N,"Historical Name Index Search >>  (A|1858-1863|PRIVATE),A,1858-1863,PRIVATE,1",1,22,5,"Historical Name Index Search >>  (A|1858-1863|PRIVATE)",607
N,"Title for Owner Name Search >> Surname(John*),John%2A,,",1,25,5,"Title for Owner Name Search >> Surname(John*)",608
N,"Plan detail Search >>  Deposited plan,D,12345",1,26,5,"Plan detail Search >>  Deposited plan",609
N,"Bulk Check Search >>  CT 5788,CT,5788,123,,CT,5788,124,,CT,5788,125,,CT,5788,126,,CT,5788,127,,CT,5788,128,,CT,5788,129,,CT,5788,130,,CT,5788,131,,CT,5788,132,,CT,5788,133,,CT,5788,134,,CT,5788,135,,CT,5788,136,,CT,5788,137,,CT,5788,138,,CT,5788,139,,CT,5788,140,,CT,5788,141,,CT,5788,142,",1,27,5,"Bulk Check Search >>  CT 5788",610
N,"Bulk Register Search >> CT 5788,CT,5788,123,,CT,5788,124,,CT,5788,125,,CT,5788,126,,CT,5788,127,,CT,5788,128,,CT,5788,129,,CT,5788,130,,CT,5788,131,,CT,5788,132,,CT,5788,479,,CT,5788,134,,CT,5788,135,,CT,5788,136,,CT,5788,137,,CT,5788,138,,CT,5788,139,,CT,5788,140,,CT,5788,141,,CT,5788,142,",1,28,5,"Bulk Register Search >> CT 5788",611
N,"Item Delivery Search >>  Register,CT,5788,500",1,29,5,"Item Delivery Search >>  Register",612
N,"Delivery Reference Search >> Reference,11698112",1,30,5,"Delivery Reference Search >> Reference",613
N,"Dealing Location Search >> DealingNo(11943631),11943631,false",1,31,5,"Dealing Location Search >> DealingNo(11943631)",614
N,"Plan location Search >> Deposited Plan(93189),D,93189,true",1,32,5,"Plan location Search >> Deposited Plan(93189)",615
N,"Title Location Search >>  title(CT5788-500),CT,5788,500",1,33,5,"Title Location Search >>  title(CT5788-500)",616
N,"Dealing Microfilm Search >>  dealing(12135723),12135723,C,test+agent+2,88888888,test%40fujixerox.com",1,34,5,"Dealing Microfilm Search >>  dealing(12135723)",617
N,"Miscellaneous Search >>  Deposition Plan(12345),DP,12345,,,,C,Test+Agent+2,88888888,test%40fujixerox.com,STREET_ADDRESS,APT,1,,,,,23,27,test,ST,CN,,,Hurstville,NSW,2220,,",1,35,5,"Miscellaneous Search >>  Deposition Plan(12345)",618
N,"Survey Mark Search >> surveyMarks(662850930),662850930",1,36,5,"Survey Mark Search >> surveyMarks(662850930)",619
N,"Agent Code Search >>  Agent Code(A*),A%2A,",1,37,5,"Agent Code Search >>  Agent Code(A*)",620
N,"Agent Code Search >>  Agent Name,,Test",2,37,5,"Agent Code Search >>  Agent Name",621
N,"Agent Code Search >>  Code   Name,AAAA1,Test+Agent+13",3,37,5,"Agent Code Search >>  Code   Name",622
N,"Miscellaneous Order Search >>  Certificate of Dealing,CD,121315723",1,38,5,"Miscellaneous Order Search >>  Certificate of Dealing",623
N,"Valuation Address Search >> no input,,,,,,",1,40,5,"Valuation Address Search >> no input",624
N,"Valuation Address Search >> one suburb(ADELAIDE),,,,,,ADELAIDE",2,40,5,"Valuation Address Search >> one suburb(ADELAIDE)",625
N,"Valuation Owner Search >> no input,,,,,,",1,41,5,"Valuation Owner Search >> no input",626
N,"Valuation Plan Search >> only with plan no(12345),,12345,,",1,42,5,"Valuation Plan Search >> only with plan no(12345)",627
N,"Valuation Title Search >> title(5788-500),CT,5788,500",1,43,5,"Valuation Title Search >> title(5788-500)",628
N,"Valuation Advanced Search >> one LGA(ADELAIDE),,,,ADELAIDE,,,,,,,,,,,,,,,,,,,,,,,,",1,44,5,"Valuation Advanced Search >> one LGA(ADELAIDE)",629
N,"Valuation Parcel Valuation Search >> no input,,,",1,45,5,"Valuation Parcel Valuation Search >> no input",630
N,"Valuation Parcel Valuation Search >> Specific one(1506002913),1506002913,,",2,45,5,"Valuation Parcel Valuation Search >> Specific one(1506002913)",631
N,"Valuation Parcel Valuation Search >> Record Type(SCV),,SCV,",3,45,5,"Valuation Parcel Valuation Search >> Record Type(SCV)",632
N,"Valuation Parcel Valuation Search >> Record Type(SCV)   CURRENT Status,,SCV,CANCELLED%2CCURRENT%2CPROPOSED_CANCELLED%2CPROPOSED_CURRENT",4,45,5,"Valuation Parcel Valuation Search >> Record Type(SCV)   CURRENT Status",633
N,"Valuation Parcel Address Search >> no input,,,,,,",1,46,5,"Valuation Parcel Address Search >> no input",634
N,"Valuation Parcel Address Search >> suburb(ADELAIDE),,,,,,ADELAIDE",2,46,5,"Valuation Parcel Address Search >> suburb(ADELAIDE)",635
N,"Valuation Parcel Owner Search >>    no input,,,,,,",1,47,5,"Valuation Parcel Owner Search >>    no input",636
N,"Valuation Parcel Plan Search >> only with plan no(12345),,12345,,",1,48,5,"Valuation Parcel Plan Search >> only with plan no(12345)",637
N,"Valuation Parcel Title Search >> title(5788-500),CT,5788,500",1,49,5,"Valuation Parcel Title Search >> title(5788-500)",638
N,"Valuation Sales Search >> one month duration + one LGA,01%2F08%2F2012,01%2F09%2F2012,,,,,,,,,,,,,,,,,,,,ADELAIDE,,,,,,,,,,,,,,,,,,,",1,50,3,"Valuation Sales Search >> one month duration + one LGA",639
N,"Valuation Record Creation >> Reinstate with 5 parcel attached,R,INDI,542207928%2C606737%2C%7C542195124%2C590105%2C%7C542207926%2C606734%2C%7C541889353%2C127638%2C%7C542064763%2C405621%2C,542047476%2C368891%2C%7C542208060%2C603799%2C%7C542209874%2C606253%2C%7C542416701%2C896313%2C%7C542208282%2C604114%2C,542293172%2C723702%2C%7C542154213%2C533371%2C%7C541859066%2C73732%2C%7C542208276%2C604102%2C%7C542471089%2C966348,542380437%2C847686%2C%7C542477378%2C975083%2C%7C542576859%2C1112004%2C%7C542208289%2C604124%2C%7C542437360%2C923701%2C,542438363%2C924880%2C%7C542208161%2C603945%2C%7C542064715%2C401077%2C%7C542135950%2C506153%2C%7C542448370%2C937407%2C",1,51,5,"Valuation Record Creation >> Reinstate with 5 parcel attached",640
N,"Valuation Sales Edit >> test,557405673,557405675,557405684,557405686,557405688",1,52,5,"Valuation Sales Edit >> test",641
N,"Valuation Administrative Record >> General one,ADELAIDE,5000",1,53,5,"Valuation Administrative Record >> General one",642
N,"Submarket Group Edit >> change description,500009252,500009253,500009254,500009255,500009256",1,54,5,"Submarket Group Edit >> change description",643
N,"Submarket Group Search >> LGA(ADELAIDE),ADELAIDE,,,,,,,,,",1,55,5,"Submarket Group Search >> LGA(ADELAIDE)",644
N,"Submarket Group Creation >> LGA(ADELAIDE),ADELAIDE",1,56,5,"Submarket Group Creation >> LGA(ADELAIDE)",645
N,"Valuation Bulk Edit >> Edit 5 records,performance+test,5,%3C53369%2C53524%2C53525%2C53527%2C53530%3E,5,%3C553531%2C53532%2C53537%2C53538%2C53539%3E,5,%3C5354653547%2C53548%2C53549%2C53554%3E,5,%3C53557%2C624062%2C53347%2C53518%2C1045963%3E,20,%3C1093343%2C1093315%2C1093316%2C1025873%2C1093771%2C1093612%2C1093613%2C1079840%2C1105942%2C1105943%2C1080203%2C1024717%2C53626%2C53627%2C53632%2C53745%2C53693%2C53695%2C53699%2C53704%3E",1,57,5,"Valuation Bulk Edit >> Edit 5 records",646
N,"Valuation Rate Search >> no input,,,,,",1,58,5,"Valuation Rate Search >> no input",647
N,"Valuation Edit Record >> update value,performance%20test,1000,491206,491213,873419,1004993,911815",1,59,5,"Valuation Edit Record >> update value",648
N,"Valuation Rate Management >> general test,value-rate,1000,544349394,544349413,544349512,544349530,544349539",1,60,5,"Valuation Rate Management >> general test",649
N,"Valuation File Import >> import revisit,Revisits,revisit",1,61,5,"Valuation File Import >> import revisit",650
N,"Title Prepare Lodgement >> 1 Dealing 0 title,dealing-zero-title.csv",1,62,5,"Title Prepare Lodgement >> 1 Dealing 0 title",651
N,"Title Prepare Lodgement >> 10 Dealings 10 titles,dealing-ten-title.csv",2,62,5,"Title Prepare Lodgement >> 10 Dealings 10 titles",652
N,"Home Workbox >> 75%_WB_USER,75",4,7,5,"Home Workbox >> 75%_WB_USER",654
N,"land_search_address >> no-input,,,,,,",1,63,5,"land_search_address >> no-input",719
N,"land_search_address >> street-no,,,,53,,",2,63,5,"land_search_address >> street-no",720
N,"land_search_address >> level-no,,,1,,,",3,63,5,"land_search_address >> level-no",721
N,"land_search_address >> unit-no,3,,,,,",4,63,5,"land_search_address >> unit-no",722
N,"land_search_address >> lot-no,,102,,,,",5,63,5,"land_search_address >> lot-no",723
N,"land_search_address >> street-wildcard,,,,,HAR%2A,",6,63,3,"land_search_address >> street-wildcard",724
N,"land_search_address >> suburb-wildcard,,,,,,AD%2A",7,63,3,"land_search_address >> suburb-wildcard",725
N,"land_search_address >> specific,3,,,113,REID,HECTORVILLE",8,63,1,"land_search_address >> specific",726
N,"land_search_plan >> plan no,,12345,,",1,64,1,"land_search_plan >> plan no",728
N,"land_search_plan >> community plan,C,20563,,",2,64,1,"land_search_plan >> community plan",729
N,"land_search_title >> volume less than 5000,CL,103,33",1,65,1,"land_search_title >> volume less than 5000",731
N,"land_search_title >> volume greater than 5000,CT,5788,500",2,65,1,"land_search_title >> volume greater than 5000",732
N,"land_search_valuation >>   no input,,,FALSE,FALSE,FALSE",1,66,5,"land_search_valuation >> no input",734
N,"land_search_valuation >> record type,,SCV,FALSE,FALSE,FALSE",2,66,1,"land_search_valuation >> record type",735
N,"land_search_address >> no-input,,,,,,",1,67,5,"land_search_address >> no-input",737
N,"land_search_address >> street-no,,,,53,,",2,67,5,"land_search_address >> street-no",738
N,"land_search_address >> level-no,,,1,,,",3,67,5,"land_search_address >> level-no",739
N,"land_search_address >> unit-no,3,,,,,",4,67,5,"land_search_address >> unit-no",740
N,"land_search_address >> lot-no,,102,,,,",5,67,5,"land_search_address >> lot-no",741
N,"land_search_address >> street-wildcard,,,,,HAR%2A,",6,67,3,"land_search_address >> street-wildcard",742
N,"land_search_address >> suburb-wildcard,,,,,,AD%2A",7,67,3,"land_search_address >> suburb-wildcard",743
N,"land_search_address >> specific,3,,,113,REID,HECTORVILLE",8,67,1,"land_search_address >> specific",744
N,"land_search_plan >> plan no,,12345,,",1,68,1,"land_search_plan >> plan no",746
N,"land_search_plan >> community plan,C,20563,,",2,68,1,"land_search_plan >> community plan",747
N,"land_search_title >> volume less than 5000,CL,103,33",1,69,1,"land_search_title >> volume less than 5000",749
N,"land_search_title >> volume greater than 5000,CT,5788,500",2,69,1,"land_search_title >> volume greater than 5000",750
N,"land_search_valuation >>   no input,,,FALSE,FALSE,FALSE",1,70,5,"land_search_valuation >> no input",752
N,"land_search_valuation >> record type,,SCV,FALSE,FALSE,FALSE",2,70,1,"land_search_valuation >> record type",753
N,"land_search_address >> no-input,,,,,,",1,71,5,"land_search_address >> no-input",755
N,"land_search_address >> street-no,,,,53,,",2,71,5,"land_search_address >> street-no",756
N,"land_search_address >> level-no,,,1,,,",3,71,5,"land_search_address >> level-no",757
N,"land_search_address >> unit-no,3,,,,,",4,71,5,"land_search_address >> unit-no",758
N,"land_search_address >> lot-no,,102,,,,",5,71,5,"land_search_address >> lot-no",759
N,"land_search_address >> street-wildcard,,,,,HAR%2A,",6,71,3,"land_search_address >> street-wildcard",760
N,"land_search_address >> suburb-wildcard,,,,,,AD%2A",7,71,3,"land_search_address >> suburb-wildcard",761
N,"land_search_address >> specific,3,,,113,REID,HECTORVILLE",8,71,1,"land_search_address >> specific",762
N,"land_search_plan >> plan no,,12345,,",1,72,1,"land_search_plan >> plan no",764
N,"land_search_plan >> community plan,C,20563,,",2,72,1,"land_search_plan >> community plan",765
N,"land_search_title >> volume less than 5000,CL,103,33",1,73,1,"land_search_title >> volume less than 5000",767
N,"land_search_title >> volume greater than 5000,CT,5788,500",2,73,1,"land_search_title >> volume greater than 5000",768
N,"land_search_valuation >>   no input,,,FALSE,FALSE,FALSE",1,74,5,"land_search_valuation >> no input",770
N,"land_search_valuation >> record type,,SCV,FALSE,FALSE,FALSE",2,74,1,"land_search_valuation >> record type",771
N,"land_search_address >> no-input,,,,,,",1,75,5,"land_search_address >> no-input",773
N,"land_search_address >> street-no,,,,53,,",2,75,5,"land_search_address >> street-no",774
N,"land_search_address >> level-no,,,1,,,",3,75,5,"land_search_address >> level-no",775
N,"land_search_address >> unit-no,3,,,,,",4,75,5,"land_search_address >> unit-no",776
N,"land_search_address >> lot-no,,102,,,,",5,75,5,"land_search_address >> lot-no",777
N,"land_search_address >> street-wildcard,,,,,HAR%2A,",6,75,3,"land_search_address >> street-wildcard",778
N,"land_search_address >> suburb-wildcard,,,,,,AD%2A",7,75,3,"land_search_address >> suburb-wildcard",779
N,"land_search_address >> specific,3,,,113,REID,HECTORVILLE",8,75,1,"land_search_address >> specific",780
N,"land_search_plan >> plan no,,12345,,",1,76,1,"land_search_plan >> plan no",782
N,"land_search_plan >> community plan,C,20563,,",2,76,1,"land_search_plan >> community plan",783
N,"land_search_title >> volume less than 5000,CL,103,33",1,77,1,"land_search_title >> volume less than 5000",785
N,"land_search_title >> volume greater than 5000,CT,5788,500",2,77,1,"land_search_title >> volume greater than 5000",786
N,"land_search_valuation >>   no input,,,FALSE,FALSE,FALSE",1,78,5,"land_search_valuation >> no input",788
N,"land_search_valuation >> record type,,SCV,FALSE,FALSE,FALSE",2,78,1,"land_search_valuation >> record type",789
N,"land_search_address >> no-input,,,,,,",1,79,5,"land_search_address >> no-input",791
N,"land_search_address >> street-no,,,,53,,",2,79,5,"land_search_address >> street-no",792
N,"land_search_address >> level-no,,,1,,,",3,79,5,"land_search_address >> level-no",793
N,"land_search_address >> unit-no,3,,,,,",4,79,5,"land_search_address >> unit-no",794
N,"land_search_address >> lot-no,,102,,,,",5,79,5,"land_search_address >> lot-no",795
N,"land_search_address >> street-wildcard,,,,,HAR%2A,",6,79,3,"land_search_address >> street-wildcard",796
N,"land_search_address >> suburb-wildcard,,,,,,AD%2A",7,79,3,"land_search_address >> suburb-wildcard",797
N,"land_search_address >> specific,3,,,113,REID,HECTORVILLE",8,79,1,"land_search_address >> specific",798
N,"land_search_plan >> plan no,,12345,,",1,80,1,"land_search_plan >> plan no",800
N,"land_search_plan >> community plan,C,20563,,",2,80,1,"land_search_plan >> community plan",801
N,"land_search_title >> volume less than 5000,CL,103,33",1,81,1,"land_search_title >> volume less than 5000",803
N,"land_search_title >> volume greater than 5000,CT,5788,500",2,81,1,"land_search_title >> volume greater than 5000",804
N,"land_search_valuation >>   no input,,,FALSE,FALSE,FALSE",1,82,5,"land_search_valuation >> no input",806
N,"land_search_valuation >> record type,,SCV,FALSE,FALSE,FALSE",2,82,1,"land_search_valuation >> record type",807
N,"land_search_address >> no-input,,,,,,",1,83,5,"land_search_address >> no-input",809
N,"land_search_address >> street-no,,,,53,,",2,83,5,"land_search_address >> street-no",810
N,"land_search_address >> level-no,,,1,,,",3,83,5,"land_search_address >> level-no",811
N,"land_search_address >> unit-no,3,,,,,",4,83,5,"land_search_address >> unit-no",812
N,"land_search_address >> lot-no,,102,,,,",5,83,5,"land_search_address >> lot-no",813
N,"land_search_address >> street-wildcard,,,,,HAR%2A,",6,83,3,"land_search_address >> street-wildcard",814
N,"land_search_address >> suburb-wildcard,,,,,,AD%2A",7,83,3,"land_search_address >> suburb-wildcard",815
N,"land_search_address >> specific,3,,,113,REID,HECTORVILLE",8,83,1,"land_search_address >> specific",816
N,"land_search_plan >> plan no,,12345,,",1,84,1,"land_search_plan >> plan no",818
N,"land_search_plan >> community plan,C,20563,,",2,84,1,"land_search_plan >> community plan",819
N,"land_search_title >> volume less than 5000,CL,103,33",1,85,1,"land_search_title >> volume less than 5000",821
N,"land_search_title >> volume greater than 5000,CT,5788,500",2,85,1,"land_search_title >> volume greater than 5000",822
N,"land_search_valuation >>   no input,,,FALSE,FALSE,FALSE",1,86,5,"land_search_valuation >> no input",824
N,"land_search_valuation >> record type,,SCV,FALSE,FALSE,FALSE",2,86,1,"land_search_valuation >> record type",825
N,"land_search_address >> no-input,,,,,,",1,87,5,"land_search_address >> no-input",827
N,"land_search_address >> street-no,,,,53,,",2,87,5,"land_search_address >> street-no",828
N,"land_search_address >> level-no,,,1,,,",3,87,5,"land_search_address >> level-no",829
N,"land_search_address >> unit-no,3,,,,,",4,87,5,"land_search_address >> unit-no",830
N,"land_search_address >> lot-no,,102,,,,",5,87,5,"land_search_address >> lot-no",831
N,"land_search_address >> street-wildcard,,,,,HAR%2A,",6,87,3,"land_search_address >> street-wildcard",832
N,"land_search_address >> suburb-wildcard,,,,,,AD%2A",7,87,3,"land_search_address >> suburb-wildcard",833
N,"land_search_address >> specific,3,,,113,REID,HECTORVILLE",8,87,1,"land_search_address >> specific",834
N,"land_search_plan >> plan no,,12345,,",1,88,1,"land_search_plan >> plan no",836
N,"land_search_plan >> community plan,C,20563,,",2,88,1,"land_search_plan >> community plan",837
N,"land_search_title >> volume less than 5000,CL,103,33",1,89,1,"land_search_title >> volume less than 5000",839
N,"land_search_title >> volume greater than 5000,CT,5788,500",2,89,1,"land_search_title >> volume greater than 5000",840
N,"land_search_valuation >>   no input,,,FALSE,FALSE,FALSE",1,90,5,"land_search_valuation >> no input",842
N,"land_search_valuation >> record type,,SCV,FALSE,FALSE,FALSE",2,90,1,"land_search_valuation >> record type",843
N,"land_search_address >> no-input,,,,,,",1,91,5,"land_search_address >> no-input",845
N,"land_search_address >> street-no,,,,53,,",2,91,5,"land_search_address >> street-no",846
N,"land_search_address >> level-no,,,1,,,",3,91,5,"land_search_address >> level-no",847
N,"land_search_address >> unit-no,3,,,,,",4,91,5,"land_search_address >> unit-no",848
N,"land_search_address >> lot-no,,102,,,,",5,91,5,"land_search_address >> lot-no",849
N,"land_search_address >> street-wildcard,,,,,HAR%2A,",6,91,3,"land_search_address >> street-wildcard",850
N,"land_search_address >> suburb-wildcard,,,,,,AD%2A",7,91,3,"land_search_address >> suburb-wildcard",851
N,"land_search_address >> specific,3,,,113,REID,HECTORVILLE",8,91,1,"land_search_address >> specific",852
N,"land_search_plan >> plan no,,12345,,",1,92,1,"land_search_plan >> plan no",854
N,"land_search_plan >> community plan,C,20563,,",2,92,1,"land_search_plan >> community plan",855
N,"land_search_title >> volume less than 5000,CL,103,33",1,93,1,"land_search_title >> volume less than 5000",857
N,"land_search_title >> volume greater than 5000,CT,5788,500",2,93,1,"land_search_title >> volume greater than 5000",858
N,"land_search_valuation >>   no input,,,FALSE,FALSE,FALSE",1,94,5,"land_search_valuation >> no input",860
N,"land_search_valuation >> record type,,SCV,FALSE,FALSE,FALSE",2,94,1,"land_search_valuation >> record type",861
N,"Titling Simple Lodgement >> Simple Test,AAAA1,TC,C,",1,95,1,"Titling Simple Lodgement >> Simple Test",863
N,"Titling Simple Lodgement >> Simple Test private party,AAAA1,TC,P,AAAA1",2,95,1,"Titling Simple Lodgement >> Simple Test private party",864
N,"Titling Series Lodgement >> Plan Repair,AAAA1,PR,,,titing_lodgement_plan.csv",1,96,3,"Titling Series Lodgement >> Plan Repair",872
N,"Titling Series Lodgement >> Mortgage,AAAA1,M,,,titing_lodgement_registers.csv",2,96,1,"Titling Series Lodgement >> Mortgage",873
N,"Titling Series Lodgement >> Discharge Mortgage,AAAA1,DM,,,titing_lodgement_registers.csv",3,96,1,"Titling Series Lodgement >> Discharge Mortgage",874
N,"Titling Series Lodgement >> Transfer,AAAA1,T,,,titing_lodgement_registers.csv",4,96,1,"Titling Series Lodgement >> Transfer",875
N,"Valuation Lookup Items >> postcode,PostcodeItems",1,97,5,"Valuation Lookup Items >> postcode",876
N,"Valuation Lookup Items >> suburbName,SuburbItems",2,97,5,"Valuation Lookup Items >> suburbName",877
N,"Valuation Lookup Items >> lgaName,LgaItems",3,97,5,"Valuation Lookup Items >> lgaName",878
N,"Valuation Lookup Items >> land Use,LandUses",4,97,5,"Valuation Lookup Items >> land Use",879
N,"Valuation Lookup Items >> Property Type,PropertyTypes",5,97,5,"Valuation Lookup Items >> Property Type",880
N,"Valuation Lookup Items >> Style,StyleItems",6,97,5,"Valuation Lookup Items >> Style",881
N,"Valuation Lookup Items >> Wall,WallItems",7,97,5,"Valuation Lookup Items >> Wall",882
N,"Valuation Lookup Items >> SubmarketGroups,SubmarketGroupsWithLga",8,97,5,"Valuation Lookup Items >> SubmarketGroups",883
N,"Valuation Lookup Items >> MarketGroups,MarketGroups",9,97,5,"Valuation Lookup Items >> MarketGroups",884
N,"Titling RGNote Management >> Title,rgnote-management-data.csv",1,98,5,"Titling RGNote Management >> Title",886
N,"Dealing Number Search >> dealing Number(12135276),12135276",1,99,5,"Dealing Number Search >> dealing Number(12135276)",888
N,"Associate Dealing Search >> dealing Number(12135276),12135276",1,100,5,"Associate Dealing Search >> dealing Number(12135276)",890
N,"Dealing Title Search >> dealing Number,CT,5052,189",1,101,5,"Dealing Title Search >> dealing Number",892
N,"Dealing Plan Search >> dealing Number,D,12345,,",1,102,5,"Dealing Plan Search >> dealing Number",894
N,"Dealing Coversheet Search >> ReferenceNO(123456),123456",1,104,5,"Dealing Coversheet Search >> ReferenceNO(123456)",898
N,"Ownership Name Search >> general one,John*",1,105,5,"Ownership Name Search >> general one",900
N,"Ownership Number Search >> general one,0008978",1,106,5,"Ownership Number Search >> general one",902
N,"Ownership Title Search >> CT(5052|189),CT,5052,189,Test+Address",1,107,5,"Ownership Title Search >> CT(5052|189)",904
N,"Ownership Name Create >> general one,Test+Address,P,Performance,Test,",1,108,5,"Ownership Name Create >> general one",906
N,"Title Ownership Change >> general one,title-register-list.csv,Test+Address",1,109,5,"Title Ownership Change >> general one",908
N,"Dealing Party Search >> name and type,T,,LIU,",1,103,5,"Dealing Party Search >> name and type",918
N,"Delivery Slip Search >> agentName,AAAA1,,true",1,110,5,"Delivery Slip Search >> agentName",919
N,"Delivery Title Search >> (CT|5052|189),CT,5052,189",1,111,5,"Delivery Title Search >> (CT|5052|189)",921
N,"Delivery Reference Search >> Reference No,123456",1,112,5,"Delivery Reference Search >> Reference No",923
N,"Delivery Item Add >> add item,title-agent-list.csv",1,113,5,"Delivery Item Add >> add item",925
N,"Plan Title Search >> (CT|5000|189),CT,5000,189",1,115,5,"Plan Title Search >> (CT|5000|189)",928
N,"Plan DAC Search >> Year(2001),,,,2001",1,117,5,"Plan DAC Search >> Year(2001)",930
N,"Plan Dealing Search >> DealingNO(12135275),12135275",1,116,5,"Plan Dealing Search >> DealingNO(12135275)",932
N,"Plan Number Search >> D12345,D,12345",1,114,5,"Plan Number Search >> D12345",934
N,"User Search >> Search using wildcard character in User ID - A*,A%2A,,,,,,",1,118,1,"User Search >> Search using wildcard character in User ID - A*",936
N,"User Search >> Search using wildcard character in Name - A*,,A%2A,,,,,",2,118,1,"User Search >> Search using wildcard character in Name - A*",937
N,"User Search >> Search using wildcard character in Organisation - L*,,,L%2A,,,,",3,118,1,"User Search >> Search using wildcard character in Organisation - L*",938
N,"User Search >> Search using wildcard character in Branch - L*,,,,L%2A,,,",4,118,1,"User Search >> Search using wildcard character in Branch - L*",939
N,"User Search >> Search using wildcard character in Location - 101*,,,,,101%2A,,",5,118,1,"User Search >> Search using wildcard character in Location - 101*",940
N,"User Search >> Search using wildcard character in Role - V*,,,,,,,V%2A",6,118,1,"User Search >> Search using wildcard character in Role - V*",941
N,"User Search >> Search using a specific value in UserID -test001,test001,,,,,,",7,118,1,"User Search >> Search using a specific value in UserID -test001",942
N,"User Search >> Search using a specific value in Name - test001,,test001,,,,,",8,118,5,"User Search >> Search using a specific value in Name - test001",943
N,"User Search >> Search using a specific value in Organisation - Land Services Group,,,Land Services Group,,,,",9,118,5,"User Search >> Search using a specific value in Organisation - Land Services Group",944
N,"User Search >> Search using a specific value in Branch - Bs,,,,BS,,,",10,118,5,"User Search >> Search using a specific value in Branch - Bs",945
N,"User Search >> Search using a specific value in Location -101 Grenfell Street | Adelaide,,,,,,101+Grenfell+Street%2C+Adelaide,",11,118,5,"User Search >> Search using a specific value in Location -101 Grenfell Street | Adelaide",946
N,"User Search >> Search using a specific value in Role - AC - System Role - Account Management,,,,,,,AC - System Role - Account Management",12,118,5,"User Search >> Search using a specific value in Role - AC - System Role - Account Management",947
N,"User Search >> Search using a specific value in LsgUser-yes,,,,,,yes,",13,118,5,"User Search >> Search using a specific value in LsgUser-yes",948
N,"Organisation Search >> Search using wildcard character for organisation name - A*,,A%2A,,,,,",1,121,2,"Organisation Search >> Search using wildcard character for organisation name - A*",950
N,"Organisation Search >> Search using wildcard character for trading as - A*,,,A%2A,,,,",2,121,2,"Organisation Search >> Search using wildcard character for trading as - A*",951
N,"Organisation Search >> Search using wildcard character for agent code - A*,,,,A%2A,,,",3,121,2,"Organisation Search >> Search using wildcard character for agent code - A*",952
N,"Organisation Search >> Search using specific value for organisation name- APT O & M SERVICES-PIPELINES,,APT+O+%26+M+SERVICES-PIPELINES,,,,,",4,121,2,"Organisation Search >> Search using specific value for organisation name- APT O & M SERVICES-PIPELINES",953
N,"Organisation Search >> Search using specific value for trading as -APT O & M SERVICES-PIPELINES,,,APT+O+%26+M+SERVICES-PIPELINES,,,,",5,121,2,"Organisation Search >> Search using specific value for trading as -APT O & M SERVICES-PIPELINES",954
N,"Organisation Search >> Search using specific value for agent code - AAAA1,,,,AAAA1,,,",6,121,5,"Organisation Search >> Search using specific value for agent code - AAAA1",955
N,"Organisation Search >> Search using specific value for abn can -71967041422,,,,,71967041422,,",7,121,5,"Organisation Search >> Search using specific value for abn can -71967041422",956
N,"Organisation Search >> Search using specific value for organisation type - Government,,,,,,Government,",8,121,5,"Organisation Search >> Search using specific value for organisation type - Government",957
N,"Organisation Search >> Search using specific value for industry type -Government,,,,,,,Government",9,121,5,"Organisation Search >> Search using specific value for industry type -Government",958
N,"Role Search >> Search using wildcard character in name - R*,R%2A,,",1,120,1,"Role Search >> Search using wildcard character in name - R*",960
N,"Role Search >> Search using wildcard character in description -R*,,R*,",2,120,5,"Role Search >> Search using wildcard character in description -R*",961
N,"Role Search >> Search using specific value in  name - AC - System Role - Account Management,AC+-+System+Role-Account+Management,,",3,120,5,"Role Search >> Search using specific value in  name - AC - System Role - Account Management",962
N,"Role Search >> Search using specific value in organisation -N/A,,N/A,",4,120,5,"Role Search >> Search using specific value in organisation -N/A",963
N,"Role Search >> Search using specific value is branch - LTSA,,,LTSA",5,120,5,"Role Search >> Search using specific value is branch - LTSA",964
N,"Agent Search >> Search using wildcard character for organisation name - E*,E%2A,,,,",1,119,1,"Agent Search >> Search using wildcard character for organisation name - E*",966
N,"Agent Search >> Search using wildcard character for agent name - A*,,A%2A,,,",2,119,1,"Agent Search >> Search using wildcard character for agent name - A*",967
N,"Agent Search >> Search using wildcard character for contact name - A*,,,A%2A,,",3,119,1,"Agent Search >> Search using wildcard character for contact name - A*",968
N,"Agent Search >> Search using wildcard character for agent code - A*,,,,A%2A,",4,119,1,"Agent Search >> Search using wildcard character for agent code - A*",969
N,"Agent Search >> Search using specific value for organisation name - External Test Org 1,External+Test+Org+1,,,,",5,119,1,"Agent Search >> Search using specific value for organisation name - External Test Org 1",970
N,"Agent Search >> Search using specific value for contact name - Lester Freamon,,,Lester+Freamon,,",6,119,1,"Agent Search >> Search using specific value for contact name - Lester Freamon",971
N,"Agent Search >> Search using specific value for agent name - CENTRAL CONVEYANCING,,CENTRAL CONVEYANCING,,,",7,119,5,"Agent Search >> Search using specific value for agent name - CENTRAL CONVEYANCING",972
N,"Agent Search >> Search using specific value for agent code - CECOP,,,,CECOP,",8,119,5,"Agent Search >> Search using specific value for agent code - CECOP",973
N,"Agent Search >> Search using specific value for LTO Box - 64,,,,,64",9,119,5,"Agent Search >> Search using specific value for LTO Box - 64",974
N,"User create update >> 1,,Mr,pftestA,fnameA,,289899000,joicy.subin%40fujixerox.com,28494,101+Grenfell+Street%2C+Adelaide,Front+Counter,5+minutes,Questa,Answera",1,122,5,"User create update >> 1",976
N,"Agent Create update >> 1,,TRUE,test,test,280848084,agent@fujixerox.com,,,,,",1,123,5,"Agent Create update >> 1",978
N,"Organisation Create update >> 1,,TestA,testA,,222222222,Government,Building Industry,Exempt for Lodgements,t,createo1@fujixerox.com,430571113,,OTHER_ADDRESS,,,,,,,,,,,,,,,,,test,New Zealand,Email",1,124,5,"Organisation Create update >> 1",980
N,"Role Create Update >> 1,test,roledesc,28494,28494",1,125,5,"Role Create Update >> 1",982
N,"Valuation File Import >> import renumber,Renumber,renumber",2,61,5,"Valuation File Import >> import renumber",984
N,"Valuation File Import >> import values,Values,values",3,61,5,"Valuation File Import >> import values",985
